<configs>
	
	<append xpath="//crafting_skill[@name='craftingWorkstations']/display_entry[@icon='chemistryStation']">
			<unlock_entry item="screamQueenstandIV" unlock_tier="2" />
	</append>
	
	<append xpath="//crafting_skill[@name='craftingWorkstations']/display_entry[@icon='chemistryStation']">,standIV</append>
	<append xpath="//crafting_skill[@name='craftingWorkstations']/display_entry[@icon='chemistryStation']/@unlock_level">,50</append>
	
	<append xpath="/progression/crafting_skills/crafting_skill[@name='craftingWorkstations']">
		<effect_group>
			<passive_effect name="RecipeTagUnlocked" operation="base_set" level="50,100" value="1" tags="screamQueenstandIV"/>
		</effect_group>
	</append>
	
</configs>